apt	2.8.3	arm64
base-files	13ubuntu10.5	arm64
base-passwd	3.6.3build1	arm64
bash	5.2.21-2ubuntu4	arm64
binutils	2.42-4ubuntu2.10	arm64
binutils-aarch64-linux-gnu	2.42-4ubuntu2.10	arm64
binutils-common:arm64	2.42-4ubuntu2.10	arm64
bsdutils	1:2.39.3-9ubuntu6.6	arm64
build-essential	12.10ubuntu1	arm64
bzip2	1.0.8-5.1ubuntu0.1	arm64
cmake	3.28.3-1build7	arm64
cmake-data	3.28.3-1build7	all
coreutils	9.4-3ubuntu6.3	arm64
cpp	4:13.2.0-7ubuntu1	arm64
cpp-13	13.3.0-6ubuntu2~24.04.1	arm64
cpp-13-aarch64-linux-gnu	13.3.0-6ubuntu2~24.04.1	arm64
cpp-aarch64-linux-gnu	4:13.2.0-7ubuntu1	arm64
dash	0.5.12-6ubuntu5	arm64
debconf	1.5.86ubuntu1	all
debianutils	5.17build1	arm64
diffutils	1:3.10-1ubuntu0.1	arm64
dpkg	1.22.6ubuntu6.6	arm64
dpkg-dev	1.22.6ubuntu6.6	all
e2fsprogs	1.47.0-2.4~exp1ubuntu4.1	arm64
findutils	4.9.0-5build1	arm64
g++	4:13.2.0-7ubuntu1	arm64
g++-13	13.3.0-6ubuntu2~24.04.1	arm64
g++-13-aarch64-linux-gnu	13.3.0-6ubuntu2~24.04.1	arm64
g++-aarch64-linux-gnu	4:13.2.0-7ubuntu1	arm64
gcc	4:13.2.0-7ubuntu1	arm64
gcc-13	13.3.0-6ubuntu2~24.04.1	arm64
gcc-13-aarch64-linux-gnu	13.3.0-6ubuntu2~24.04.1	arm64
gcc-13-base:arm64	13.3.0-6ubuntu2~24.04.1	arm64
gcc-14-base:arm64	14.2.0-4ubuntu2~24.04.1	arm64
gcc-aarch64-linux-gnu	4:13.2.0-7ubuntu1	arm64
gpgv	2.4.4-2ubuntu17.6	arm64
grep	3.11-4build1	arm64
gzip	1.12-1ubuntu3.2	arm64
hostname	3.23+nmu2ubuntu2	arm64
init-system-helpers	1.66ubuntu1	all
libacl1:arm64	2.3.2-1build1.1	arm64
libapt-pkg6.0t64:arm64	2.8.3	arm64
libarchive13t64:arm64	3.7.2-2ubuntu0.8	arm64
libasan8:arm64	14.2.0-4ubuntu2~24.04.1	arm64
libassuan0:arm64	2.5.6-1build1	arm64
libatomic1:arm64	14.2.0-4ubuntu2~24.04.1	arm64
libattr1:arm64	1:2.5.2-1ubuntu0.1	arm64
libaudit-common	1:3.1.2-2.1ubuntu0.1	all
libaudit1:arm64	1:3.1.2-2.1ubuntu0.1	arm64
libbinutils:arm64	2.42-4ubuntu2.10	arm64
libblkid1:arm64	2.39.3-9ubuntu6.6	arm64
libbrotli1:arm64	1.1.0-2build2	arm64
libbz2-1.0:arm64	1.0.8-5.1ubuntu0.1	arm64
libc-bin	2.39-0ubuntu8.9	arm64
libc-dev-bin	2.39-0ubuntu8.9	arm64
libc6-dev:arm64	2.39-0ubuntu8.9	arm64
libc6:arm64	2.39-0ubuntu8.9	arm64
libcap-ng0:arm64	0.8.4-2build2	arm64
libcap2:arm64	1:2.66-5ubuntu2.4	arm64
libcc1-0:arm64	14.2.0-4ubuntu2~24.04.1	arm64
libcom-err2:arm64	1.47.0-2.4~exp1ubuntu4.1	arm64
libcrypt-dev:arm64	1:4.4.36-4build1	arm64
libcrypt1:arm64	1:4.4.36-4build1	arm64
libctf-nobfd0:arm64	2.42-4ubuntu2.10	arm64
libctf0:arm64	2.42-4ubuntu2.10	arm64
libcurl4t64:arm64	8.5.0-2ubuntu10.15	arm64
libdb5.3t64:arm64	5.3.28+dfsg2-7	arm64
libdebconfclient0:arm64	0.271ubuntu3	arm64
libdpkg-perl	1.22.6ubuntu6.6	all
libexpat1:arm64	2.6.1-2ubuntu0.6	arm64
libext2fs2t64:arm64	1.47.0-2.4~exp1ubuntu4.1	arm64
libffi8:arm64	3.4.6-1build1	arm64
libgcc-13-dev:arm64	13.3.0-6ubuntu2~24.04.1	arm64
libgcc-s1:arm64	14.2.0-4ubuntu2~24.04.1	arm64
libgcrypt20:arm64	1.10.3-2ubuntu0.2	arm64
libgdbm-compat4t64:arm64	1.23-5.1build1	arm64
libgdbm6t64:arm64	1.23-5.1build1	arm64
libgmp10:arm64	2:6.3.0+dfsg-2ubuntu6.1	arm64
libgnutls30t64:arm64	3.8.3-1.1ubuntu3.6	arm64
libgomp1:arm64	14.2.0-4ubuntu2~24.04.1	arm64
libgpg-error0:arm64	1.47-3build2.1	arm64
libgprofng0:arm64	2.42-4ubuntu2.10	arm64
libgssapi-krb5-2:arm64	1.20.1-6ubuntu2.10	arm64
libhogweed6t64:arm64	3.9.1-2.2build1.1	arm64
libhwasan0:arm64	14.2.0-4ubuntu2~24.04.1	arm64
libicu74:arm64	74.2-1ubuntu3.1	arm64
libidn2-0:arm64	2.3.7-2build1.1	arm64
libisl23:arm64	0.26-3build1.1	arm64
libitm1:arm64	14.2.0-4ubuntu2~24.04.1	arm64
libjansson4:arm64	2.14-2build2	arm64
libjsoncpp25:arm64	1.9.5-6build1	arm64
libk5crypto3:arm64	1.20.1-6ubuntu2.10	arm64
libkeyutils1:arm64	1.6.3-3build1	arm64
libkrb5-3:arm64	1.20.1-6ubuntu2.10	arm64
libkrb5support0:arm64	1.20.1-6ubuntu2.10	arm64
libldap2:arm64	2.6.10+dfsg-0ubuntu0.24.04.1	arm64
liblsan0:arm64	14.2.0-4ubuntu2~24.04.1	arm64
liblz4-1:arm64	1.9.4-1build1.1	arm64
liblzma5:arm64	5.6.1+really5.4.5-1ubuntu0.3	arm64
libmd0:arm64	1.1.0-2build1.1	arm64
libmount1:arm64	2.39.3-9ubuntu6.6	arm64
libmpc3:arm64	1.3.1-1build1.1	arm64
libmpfr6:arm64	4.2.1-1build1.1	arm64
libncursesw6:arm64	6.4+20240113-1ubuntu2.2	arm64
libnettle8t64:arm64	3.9.1-2.2build1.1	arm64
libnghttp2-14:arm64	1.59.0-1ubuntu0.4	arm64
libnpth0t64:arm64	1.6-3.1build1	arm64
libp11-kit0:arm64	0.25.3-4ubuntu2.2	arm64
libpam-modules-bin	1.5.3-5ubuntu5.7	arm64
libpam-modules:arm64	1.5.3-5ubuntu5.7	arm64
libpam-runtime	1.5.3-5ubuntu5.7	all
libpam0g:arm64	1.5.3-5ubuntu5.7	arm64
libpcre2-8-0:arm64	10.42-4ubuntu2.1	arm64
libperl5.38t64:arm64	5.38.2-3.2ubuntu0.6	arm64
libproc2-0:arm64	2:4.0.4-4ubuntu3.3	arm64
libpsl5t64:arm64	0.21.2-1.1build1	arm64
librhash0:arm64	1.4.3-3build1	arm64
librtmp1:arm64	2.4+20151223.gitfa8646d.1-2build7	arm64
libsasl2-2:arm64	2.1.28+dfsg1-5ubuntu3.1	arm64
libsasl2-modules-db:arm64	2.1.28+dfsg1-5ubuntu3.1	arm64
libseccomp2:arm64	2.5.5-1ubuntu3.1	arm64
libselinux1:arm64	3.5-2ubuntu2.1	arm64
libsemanage-common	3.5-1build5	all
libsemanage2:arm64	3.5-1build5	arm64
libsepol2:arm64	3.5-2build1	arm64
libsframe1:arm64	2.42-4ubuntu2.10	arm64
libsmartcols1:arm64	2.39.3-9ubuntu6.6	arm64
libss2:arm64	1.47.0-2.4~exp1ubuntu4.1	arm64
libssh-4:arm64	0.10.6-2ubuntu0.5	arm64
libssl3t64:arm64	3.0.13-0ubuntu3.16	arm64
libstdc++-13-dev:arm64	13.3.0-6ubuntu2~24.04.1	arm64
libstdc++6:arm64	14.2.0-4ubuntu2~24.04.1	arm64
libsystemd0:arm64	255.4-1ubuntu8.17	arm64
libtasn1-6:arm64	4.19.0-3ubuntu0.24.04.2	arm64
libtinfo6:arm64	6.4+20240113-1ubuntu2.2	arm64
libtsan2:arm64	14.2.0-4ubuntu2~24.04.1	arm64
libubsan1:arm64	14.2.0-4ubuntu2~24.04.1	arm64
libudev1:arm64	255.4-1ubuntu8.17	arm64
libunistring5:arm64	1.1-2build1.1	arm64
libuuid1:arm64	2.39.3-9ubuntu6.6	arm64
libuv1t64:arm64	1.48.0-1.1build1	arm64
libxml2:arm64	2.9.14+dfsg-1.3ubuntu3.9	arm64
libxxhash0:arm64	0.8.2-2build1	arm64
libzstd1:arm64	1.5.5+dfsg2-2build1.1	arm64
linux-libc-dev:arm64	6.8.0-146.146	arm64
login	1:4.13+dfsg1-4ubuntu3.2	arm64
logsave	1.47.0-2.4~exp1ubuntu4.1	arm64
lto-disabled-list	47	all
make	4.3-4.1build2	arm64
mawk	1.3.4.20240123-1build1	arm64
mount	2.39.3-9ubuntu6.6	arm64
ncurses-base	6.4+20240113-1ubuntu2.2	all
ncurses-bin	6.4+20240113-1ubuntu2.2	arm64
ninja-build	1.11.1-2	arm64
passwd	1:4.13+dfsg1-4ubuntu3.2	arm64
patch	2.7.6-7build3	arm64
perl	5.38.2-3.2ubuntu0.6	arm64
perl-base	5.38.2-3.2ubuntu0.6	arm64
perl-modules-5.38	5.38.2-3.2ubuntu0.6	all
procps	2:4.0.4-4ubuntu3.3	arm64
rpcsvc-proto	1.4.2-0ubuntu7	arm64
sed	4.9-2ubuntu0.24.04.1	arm64
sensible-utils	0.0.22	all
sysvinit-utils	3.08-6ubuntu3	arm64
tar	1.35+dfsg-3ubuntu0.4	arm64
ubuntu-keyring	2023.11.28.1	all
unminimize	0.2.1	arm64
util-linux	2.39.3-9ubuntu6.6	arm64
xz-utils	5.6.1+really5.4.5-1ubuntu0.3	arm64
zlib1g:arm64	1:1.3.dfsg-3.1ubuntu2.2	arm64
